{"cameraMode":{"drawMode":0,"name":"Shaded","section":"Shading Mode"},"sceneLighting":true,"audioPlay":false,"sceneViewState":{"showFog":false,"showMaterialUpdate":false,"showSkybox":false,"showFlares":false,"showImageEffects":false,"showParticleSystems":false},"in2DMode":false,"pivot":{"x":-2.735507011413574,"y":3.0703420639038088,"z":-7.483517646789551},"rotation":{"x":0.08835911005735398,"y":-0.02390378527343273,"z":0.002121026162058115,"w":0.9957996010780335},"size":16.687145233154298,"orthographic":false}